{"cameraMode":{"drawMode":0,"name":"Shaded","section":"Shading Mode"},"sceneLighting":true,"audioPlay":false,"sceneViewState":{"showFog":false,"showMaterialUpdate":false,"showSkybox":false,"showFlares":false,"showImageEffects":false,"showParticleSystems":false,"showVisualEffectGraphs":true,"m_FxEnabled":true},"in2DMode":false,"pivot":{"x":134.36636352539063,"y":262.22821044921877,"z":87.15779113769531},"rotation":{"x":-0.03380801901221275,"y":0.00045898414100520313,"z":-0.0011236005229875446,"w":-0.9997464418411255},"size":363.1469421386719,"orthographic":false}