{"cameraMode":{"drawMode":0,"name":"Shaded","section":"Shading Mode"},"sceneLighting":true,"audioPlay":false,"sceneViewState":{"showFog":false,"showMaterialUpdate":false,"showSkybox":false,"showFlares":false,"showImageEffects":false,"showParticleSystems":false,"showVisualEffectGraphs":true,"m_FxEnabled":true},"in2DMode":false,"pivot":{"x":0.43186867237091067,"y":-0.060010552406311038,"z":6.4726057052612309},"rotation":{"x":0.1248972937464714,"y":-0.5687425136566162,"z":0.08787453174591065,"w":0.8082391619682312},"size":2.504277467727661,"orthographic":false}