{"cameraMode":{"drawMode":0,"name":"Shaded","section":"Shading Mode"},"sceneLighting":true,"audioPlay":false,"sceneViewState":{"showFog":false,"showMaterialUpdate":false,"showSkybox":false,"showFlares":false,"showImageEffects":false,"showParticleSystems":false,"showVisualEffectGraphs":true,"m_FxEnabled":true},"in2DMode":false,"pivot":{"x":0.6876458525657654,"y":0.2818640470504761,"z":0.6901140213012695},"rotation":{"x":-0.22954481840133668,"y":-0.07406188547611237,"z":0.01764843985438347,"w":-0.9703052043914795},"size":3.4186267852783205,"orthographic":false}