{"cameraMode":{"drawMode":0,"name":"Shaded","section":"Shading Mode"},"sceneLighting":true,"audioPlay":false,"sceneViewState":{"showFog":false,"showMaterialUpdate":false,"showSkybox":false,"showFlares":false,"showImageEffects":false,"showParticleSystems":false,"showVisualEffectGraphs":true,"m_FxEnabled":true},"in2DMode":false,"pivot":{"x":4.138643741607666,"y":0.7418067455291748,"z":3.1308493614196779},"rotation":{"x":-0.006910646799951792,"y":-0.9740769267082214,"z":0.22428801655769349,"w":-0.030437031760811807},"size":3.2660250663757326,"orthographic":false}